OverallQual,GrLivArea,Neighborhood,YearBuilt,GarageCars,SalePrice
7,1710,CollgCr,2003,2,208500
6,1262,Veenker,1976,2,181500
7,1786,CollgCr,2001,2,223500
7,1717,Crawfor,1915,3,140000
8,2198,NoRidge,2000,3,250000
5,1362,Mitchel,1993,2,143000
8,1694,Somerst,2004,2,307000
7,2090,NWAmes,1973,2,200000
7,1774,OldTown,1931,2,129900
5,1077,BrkSide,1939,1,118000
5,1040,Sawyer,1965,1,129500
9,2324,NridgHt,2005,3,345000
5,912,Sawyer,1962,1,144000
7,1494,CollgCr,2006,3,279500
6,1253,NAmes,1960,1,157000
7,854,BrkSide,1929,2,132000
6,1004,NAmes,1970,2,149000
4,1296,Sawyer,1967,2,90000
5,1114,SawyerW,2004,2,159000
5,1339,NAmes,1958,1,139000
8,2376,NridgHt,2005,3,325300
7,1108,IDOTRR,1930,1,139400
8,1795,CollgCr,2002,2,230000
5,1060,MeadowV,1976,2,129900
5,1060,Sawyer,1968,1,154000
8,1600,NridgHt,2007,3,256300
5,900,NAmes,1951,2,134800
8,1704,NridgHt,2007,3,306000
5,1600,NAmes,1957,1,207500
4,520,BrkSide,1927,1,68500
4,1317,IDOTRR,1920,1,40000
5,1228,Sawyer,1966,1,149350
8,1234,CollgCr,2007,2,179900
5,1700,NAmes,1959,2,165500
9,1561,NridgHt,2005,2,277500
8,2452,NridgHt,2004,3,309000
5,1097,CollgCr,1994,2,145000
5,1297,NAmes,1954,2,153000
5,1057,NAmes,1953,1,109000
4,1152,Edwards,1955,0,82000
6,1324,NAmes,1965,2,160000
5,1328,Timber,1959,1,170000
5,884,SawyerW,1983,2,144000
5,938,CollgCr,1975,1,130250
5,1150,NAmes,1959,1,141000
9,1752,NridgHt,2005,2,319900
7,2149,Mitchel,2003,2,239686
8,1656,Somerst,2006,3,249700
4,1452,OldTown,1920,0,113000
5,955,Sawyer,1966,1,127000
6,1470,Gilbert,1997,2,177000
6,1176,BrkSide,1934,2,114500
5,816,IDOTRR,1963,2,110000
9,1842,Veenker,1981,3,385000
5,1360,NAmes,1955,2,130000
6,1425,NAmes,1964,2,180500
8,1739,Somerst,1999,2,172500
7,1720,CollgCr,2004,2,196500
10,2945,StoneBr,2006,3,438780
5,780,CollgCr,1972,1,124900
6,1158,SawyerW,2004,2,158000
5,1111,IDOTRR,1920,1,101000
8,1370,NridgHt,2006,2,202500
7,1710,OldTown,1921,2,140000
7,2034,CollgCr,1997,2,219500
8,2473,NridgHt,2004,3,317000
7,2207,NAmes,1970,2,180000
7,1479,CollgCr,2003,2,226000
4,747,OldTown,1945,1,80000
7,2287,ClearCr,1953,2,225000
7,2223,NAmes,1973,2,244000
4,845,Mitchel,1982,2,129500
7,1718,Gilbert,1998,2,185000
5,1086,NAmes,1954,2,144900
3,1605,OldTown,1915,1,107400
4,988,MeadowV,1973,1,91000
4,952,NAmes,1956,1,135750
5,1285,BrkSide,1948,1,127000
4,1768,Sawyer,1968,0,136500
5,1230,OldTown,1910,2,110000
6,2142,NAmes,1968,1,193500
6,1337,Mitchel,1998,2,153500
8,1563,Somerst,2007,3,245000
5,1065,NAmes,1960,2,126500
7,1474,Gilbert,1995,2,168500
8,2417,NoRidge,1991,2,260000
6,1560,Gilbert,2005,2,174000
6,1224,Somerst,2009,2,164500
3,1526,IDOTRR,1915,0,85000
4,990,CollgCr,1994,0,123600
4,1040,NAmes,1950,2,109900
5,1235,NAmes,1961,2,98600
5,964,Crawfor,1921,2,163500
6,2291,OldTown,1910,2,133900
6,1786,CollgCr,1997,2,204750
6,1470,Gilbert,1993,2,185000
7,1588,CollgCr,1999,2,214000
4,960,Edwards,1965,1,94750
5,835,Edwards,1920,1,83000
4,1225,NAmes,1959,0,128950
6,1610,NWAmes,1977,2,205000
6,1732,SawyerW,1985,2,178000
5,1535,SawyerW,1979,2,118964
7,1226,CollgCr,2009,3,198900
7,1818,IDOTRR,1931,1,169500
8,1992,Somerst,2003,2,250000
4,1047,OldTown,1885,1,100000
5,789,OldTown,1948,1,115000
5,1517,IDOTRR,1919,0,115000
6,1844,NWAmes,1977,2,190000
6,1855,Edwards,1954,1,136900
7,1430,Gilbert,2000,2,180000
7,2696,CollgCr,2007,3,383970
6,2259,Crawfor,1953,2,217000
6,2320,Crawfor,1945,1,259500
6,1458,Somerst,1999,2,176000
5,1092,Sawyer,1962,1,139000
5,1125,Edwards,2006,2,155000
7,3222,SawyerW,1990,3,320000
6,1456,CollgCr,2005,2,163990
6,988,ClearCr,1969,2,180000
4,1123,IDOTRR,1939,1,100000
6,1080,NAmes,1958,1,136000
6,1199,SawyerW,1993,2,153900
6,1586,NWAmes,1979,2,181000
6,754,IDOTRR,1935,0,84500
6,958,NPkVill,1976,2,128000
5,840,OldTown,1930,0,87000
6,1348,NAmes,1966,2,155000
5,1053,NAmes,1958,2,150000
7,2157,NAmes,1966,2,226000
6,2054,Gilbert,2000,2,244000
5,1327,NAmes,1959,2,150750
8,1296,Timber,2001,2,220000
5,1721,Sawyer,1968,2,180000
7,1682,NWAmes,1970,2,174000
5,1214,NAmes,1967,1,143000
7,1959,Mitchel,1988,3,171000
8,1852,CollgCr,1999,3,230000
6,1764,CollgCr,1997,2,231500
4,864,NAmes,1971,0,115000
7,1734,CollgCr,2005,2,260000
5,1385,NAmes,1952,2,166000
7,1501,CollgCr,1999,2,204000
5,1728,Sawyer,1963,2,125000
6,1709,Edwards,2004,2,130000
5,875,BrkSide,1931,1,105000
7,2035,Gilbert,2001,2,222500
7,1080,SawyerW,2004,0,141000
5,1344,BrkSide,1936,1,115000
5,969,CollgCr,1975,2,122000
8,1710,NridgHt,2007,3,372402
6,1993,NWAmes,1971,2,190000
6,1252,ClearCr,1960,2,235000
6,1200,OldTown,1923,1,125000
6,1096,Edwards,1924,0,79000
5,1040,NAmes,1950,2,109500
8,1968,Timber,2009,3,269500
7,1947,Somerst,2004,2,254900
7,2462,Gilbert,2005,2,320000
6,1232,Veenker,1984,2,162500
9,2668,NridgHt,2003,3,412500
7,1541,NridgHt,2005,2,220000
4,882,OldTown,1956,0,103200
6,1616,OldTown,1926,1,152000
5,1355,Edwards,1940,0,127500
5,1867,ClearCr,1955,1,190000
8,2161,NridgHt,2007,3,325624
7,1720,Gilbert,2004,2,183500
8,1707,Timber,1981,2,228000
5,1382,OldTown,1941,2,128500
6,1656,NAmes,1960,2,215000
7,1767,StoneBr,1987,2,239000
6,1362,NAmes,1961,2,163000
6,1651,Timber,1986,2,184000
6,2158,Edwards,1950,2,243000
6,2060,ClearCr,1988,2,211000
5,1920,Sawyer,1958,2,172500
9,2234,StoneBr,2008,3,501837
5,968,OldTown,1923,2,100000
6,1525,Somerst,2000,2,177000
7,1802,Crawfor,1920,1,200100
5,1340,Edwards,1957,1,120000
7,2082,OldTown,2003,2,200000
5,1252,BrkSide,1908,2,127000
10,3608,OldTown,1892,3,475000
7,1217,Mitchel,1990,2,173000
5,1656,OldTown,1916,1,135000
5,1224,SawyerW,1979,2,153337
8,1593,StoneBr,2001,2,286000
8,2727,Crawfor,1932,2,315000
7,1479,NAmes,1972,2,184000
7,1431,CollgCr,1999,2,192000
7,1709,Edwards,2004,2,130000
5,864,CollgCr,1972,1,127000
6,1456,NPkVill,1976,2,148500
7,1726,Somerst,2007,3,311872
8,3112,NAmes,1918,2,235000
6,2229,OldTown,1912,0,104000
8,1713,NridgHt,2004,3,274900
4,1121,Edwards,2003,2,140000
6,1279,Mitchel,1977,2,171500
6,1310,OldTown,1924,1,112000
6,848,CollgCr,2004,2,149000
5,1284,OldTown,1947,1,110000
7,1442,Gilbert,1990,2,180500
5,1696,Sawyer,1962,1,143900
4,1100,NAmes,1960,1,141000
7,2062,SawyerW,1988,2,277000
6,1092,NAmes,1964,2,145000
5,864,Edwards,1925,0,98000
6,1212,Edwards,2009,2,186000
7,1852,Somerst,2009,2,252678
5,990,CollgCr,1995,2,156000
6,1392,CollgCr,1977,1,161750
5,1236,NAmes,1957,1,134450
7,1436,CollgCr,2004,2,210000
4,1328,OldTown,1925,1,107000
7,1954,Crawfor,1939,2,311500
7,1248,Blmngtn,2005,2,167240
7,1498,CollgCr,2006,2,204900
6,2267,Gilbert,2002,2,200000
6,1552,NWAmes,1975,2,179900
4,864,NAmes,1971,2,97000
10,2392,NridgHt,2003,3,386250
5,1302,BrDale,1971,1,112000
7,2520,NoRidge,1995,3,290000
6,987,BrDale,1970,1,106000
5,912,Sawyer,1967,1,125000
7,1555,Blmngtn,2005,2,192500
6,1194,NAmes,1959,1,148000
8,2794,NoRidge,1995,3,403000
6,987,BrDale,1972,1,94500
5,894,CollgCr,1976,1,128200
6,1960,Gilbert,2002,2,216500
6,987,BrDale,1971,1,89500
7,1414,CollgCr,2004,2,185500
7,1744,SawyerW,1993,2,194500
8,1694,NridgHt,2007,3,318000
6,1487,Edwards,1945,1,113000
8,1566,Somerst,2008,2,262500
5,866,OldTown,1945,0,110500
5,1440,OldTown,1900,1,79000
6,1217,SawyerW,1980,1,120000
7,2110,SawyerW,1994,2,205000
7,1872,NWAmes,1988,2,241500
6,1928,OldTown,1910,1,137000
6,1375,NAmes,1954,2,140000
7,1668,CollgCr,2003,2,180000
6,2144,ClearCr,1958,2,277000
3,1306,BrkSide,1940,0,76500
8,1625,Crawfor,2006,2,235000
6,1640,SawyerW,2004,2,173000
6,1302,NAmes,1964,1,158000
5,1314,NAmes,1957,1,145000
7,2291,Gilbert,1999,2,230000
6,1728,Somerst,2003,2,207500
7,1604,CollgCr,2006,2,220000
7,1792,CollgCr,2001,2,231500
5,882,OldTown,1956,1,97000
6,1382,NAmes,1962,2,176000
8,2574,CollgCr,2007,3,276000
6,1212,Sawyer,1977,2,151000
5,1316,OldTown,1929,2,130000
5,764,OldTown,1925,2,73000
6,1422,NWAmes,1981,2,175500
6,1511,Gilbert,1997,2,185000
5,2192,SWISU,1939,1,179500
5,778,IDOTRR,1940,1,120500
6,1113,Edwards,1976,1,148000
8,1939,Somerst,2006,3,266000
7,1363,ClearCr,1954,2,241500
8,2270,NoRidge,1999,3,290000
6,1632,NAmes,1958,1,139000
5,816,Mitchel,1982,1,124500
7,1548,BrkSide,1925,2,205000
7,1560,Mitchel,2003,2,201000
4,864,Gilbert,1951,2,141000
9,2121,NridgHt,2006,3,415298
7,2022,ClearCr,1977,2,192000
7,1982,SawyerW,1989,2,228500
6,1262,Somerst,2006,2,185000
7,1314,NridgHt,2007,2,207500
8,1468,Somerst,2008,3,244600
6,1575,SawyerW,1992,2,179200
7,1250,Somerst,2006,2,164700
6,1734,NAmes,1962,2,159000
4,858,NAmes,1971,0,88000
5,900,Sawyer,1967,1,122000
6,1396,BrkSide,1915,1,153575
8,1919,CollgCr,2006,2,233230
5,1716,SWISU,1912,0,135900
5,1716,Edwards,1949,1,131000
7,2263,NWAmes,1977,2,235000
6,1644,NAmes,1953,2,167000
6,1003,Mitchel,1984,2,142500
5,1558,IDOTRR,1950,1,152000
7,1950,Somerst,1997,2,239000
6,1743,NWAmes,1968,2,175000
6,1152,Crawfor,1950,1,158500
5,1336,Crawfor,1953,1,157000
8,2452,CollgCr,1998,2,267000
7,1541,CollgCr,2001,3,205000
5,894,CollgCr,1972,2,149900
7,3493,OldTown,1880,3,295000
8,2000,CollgCr,2004,3,305900
7,2243,SawyerW,1990,3,225000
6,1406,IDOTRR,1920,0,89500
4,861,Edwards,1940,2,82500
9,1944,NridgHt,2003,3,360000
6,1501,Gilbert,1993,2,165600
6,972,NAmes,1948,1,132000
5,1118,OldTown,1939,2,119900
7,2036,Timber,1965,2,375000
7,1641,OldTown,1925,2,178000
7,1432,Gilbert,2004,2,188500
7,2353,NWAmes,1980,2,260000
8,1959,Somerst,2006,3,270000
7,2646,NoRidge,1993,3,260000
7,1472,NWAmes,1980,2,187500
9,2596,NridgHt,2006,3,342643
8,2468,NridgHt,2004,3,354000
7,2730,SawyerW,1986,2,301000
3,1163,OldTown,1955,1,126175
7,2978,NAmes,1967,2,242000
5,803,IDOTRR,1941,2,87000
8,1719,Veenker,1993,2,324000
6,1383,NAmes,1960,1,145250
6,2134,BrkSide,1916,2,214500
5,1192,IDOTRR,1920,1,78000
5,1728,NAmes,1964,1,119000
5,1056,NAmes,1958,1,139000
8,1629,NridgHt,2003,3,284000
7,1358,NridgHt,2004,2,207000
6,1638,Gilbert,1998,2,192000
5,1786,Timber,1965,2,228950
9,1922,StoneBr,2005,3,377426
7,1536,CollgCr,2002,2,214000
7,1621,NWAmes,1984,2,202500
6,1215,NAmes,1958,1,155000
8,1908,Timber,2002,2,202900
4,841,SawyerW,1950,1,82000
3,1040,NAmes,1949,2,87500
9,1684,NridgHt,2005,2,266000
5,1112,MeadowV,1976,1,85000
6,1577,BrkSide,1939,1,140200
6,958,NAmes,1960,1,151500
6,1478,NAmes,1960,2,157500
7,1626,NridgHt,2003,2,154000
9,2728,NridgHt,2005,3,437154
9,1869,NridgHt,2007,2,318061
7,1453,ClearCr,1986,2,190000
5,1111,Edwards,1941,1,95000
6,720,OldTown,1928,2,105900
6,1595,SWISU,1940,1,140000
6,1200,CollgCr,1995,2,177500
6,1167,Gilbert,1992,2,173000
5,1142,MeadowV,1976,2,134000
5,1352,ClearCr,1958,1,130000
8,1924,NoRidge,1998,2,280000
6,912,Mitchel,1978,2,156000
5,1505,BrkSide,1940,1,145000
7,1922,Edwards,2003,2,198500
6,987,BrDale,1972,1,118000
6,1574,NWAmes,1976,2,190000
5,1344,IDOTRR,1920,1,147000
6,1394,NAmes,1963,2,159000
6,1431,NAmes,1962,1,165000
5,1268,NAmes,1954,1,132000
5,1287,NAmes,1959,2,162000
6,1664,Gilbert,2000,2,172400
4,1588,ClearCr,1959,2,134432
6,752,SawyerW,1984,1,125000
5,1319,NAmes,1953,1,123000
7,1928,CollgCr,2003,2,219500
1,904,Edwards,1922,0,61000
5,914,CollgCr,1996,2,148000
8,2466,Somerst,2004,2,340000
9,1856,StoneBr,2010,3,394432
6,1800,Gilbert,2000,2,179000
5,1691,SWISU,1924,1,127000
7,1301,Somerst,2006,2,187750
7,1797,CollgCr,2006,2,213500
6,784,SawyerW,1928,2,76000
6,1953,ClearCr,1992,2,240000
8,1269,Blmngtn,2004,2,192000
5,1184,Edwards,1910,0,81000
6,1125,Edwards,1976,1,125000
7,1479,CollgCr,1999,2,191000
10,2332,NridgHt,2007,3,426000
5,1367,Edwards,1900,1,119000
6,1961,Mitchel,2001,2,215000
5,882,NAmes,1959,1,106500
4,788,BrkSide,1941,0,100000
5,1034,OldTown,1940,1,109000
5,1144,Edwards,1956,1,129000
5,894,CollgCr,1972,2,123000
5,1812,NAmes,1962,1,169500
5,1077,IDOTRR,1920,1,67000
7,1550,Somerst,2006,2,241000
8,1288,Veenker,1996,2,245500
7,1310,CollgCr,2005,2,164990
5,672,Sawyer,1940,1,108000
8,2263,NoRidge,1998,2,258000
6,1572,Gilbert,1995,2,168000
4,1620,Sawyer,1976,2,150000
6,1639,SWISU,1936,1,115000
6,1680,Crawfor,1915,1,177000
7,2172,NridgHt,2006,3,280000
8,2078,Somerst,2007,3,339750
5,1276,Edwards,1958,1,60000
5,1056,Gilbert,1955,2,145000
7,1478,Somerst,2009,2,222000
5,1028,OldTown,1927,2,115000
7,2097,SawyerW,1993,3,228000
7,1340,Gilbert,2007,2,181134
6,1400,Sawyer,1978,2,149500
6,2624,Crawfor,1918,3,239000
5,1134,Edwards,1940,1,126000
5,1056,NAmes,1968,1,142000
7,1344,Mitchel,1997,4,206300
6,1602,NWAmes,1977,2,215000
5,988,Mitchel,1954,2,113000
8,2630,NoRidge,1998,3,315000
6,1196,NAmes,1956,1,139000
7,1389,OldTown,1946,1,135000
7,1644,SawyerW,1989,2,275000
4,907,NAmes,1957,1,109008
7,1208,CollgCr,2007,2,195400
6,1412,Timber,1988,2,175000
6,987,BrDale,1971,1,85400
6,1198,OldTown,1920,0,79900
5,1365,BrDale,1971,2,122500
6,1604,Gilbert,1997,2,181000
4,630,MeadowV,1972,0,81000
7,1661,CollgCr,1996,2,212000
6,1118,OldTown,1920,2,116000
6,904,BrkSide,1926,1,119000
5,694,Crawfor,1913,1,90350
6,1196,Edwards,1920,2,110000
10,2402,NridgHt,2008,3,555000
4,1440,Edwards,1955,0,118000
5,1573,BrkSide,1930,2,162900
7,1258,Blmngtn,2006,3,172500
7,1908,CollgCr,1994,2,210000
6,1689,Edwards,1956,2,127500
6,1888,NAmes,1966,2,190000
7,1886,Gilbert,1998,2,199900
6,1376,IDOTRR,1937,1,119500
3,1183,OldTown,1948,1,120000
6,813,OldTown,1930,1,110000
7,1533,ClearCr,1975,2,280000
6,1756,Timber,1996,2,204000
8,1590,Somerst,2008,2,210000
5,1728,Mitchel,1976,2,188000
7,1242,NWAmes,1973,2,175500
5,1344,OldTown,1916,3,98000
4,1663,ClearCr,1954,2,256000
8,1666,OldTown,1925,1,161000
5,1203,BrkSide,1950,1,110000
8,1935,Somerst,2009,2,263435
7,1135,SWISU,1936,2,155000
5,864,Sawyer,1965,1,62383
6,1660,Crawfor,1934,1,188700
5,1040,CollgCr,1978,0,124000
7,1414,Blmngtn,2004,2,178740
7,1277,NAmes,1970,2,167000
5,1644,NAmes,1942,1,146500
8,1634,NridgHt,2006,3,250000
6,1710,SawyerW,1993,2,187000
8,1502,StoneBr,1985,2,212000
7,1969,NWAmes,1977,2,190000
6,1072,Edwards,2005,2,148000
8,1976,NridgHt,2006,3,440000
8,1652,StoneBr,2000,2,251000
5,970,Sawyer,1963,2,132500
6,1493,CollgCr,1997,2,208900
9,2643,NridgHt,2006,3,380000
8,1718,CollgCr,2007,3,297000
4,1131,OldTown,1937,2,89471
9,1850,NridgHt,2004,3,326000
9,1792,NridgHt,2003,3,374000
7,1826,OldTown,1915,1,155000
6,1216,Mitchel,1998,2,164000
5,999,Sawyer,1962,1,132500
5,1113,NAmes,1950,1,147000
5,1073,NAmes,1965,2,156000
5,1484,NWAmes,1971,2,175000
5,2414,OldTown,1900,2,160000
4,630,MeadowV,1970,1,86000
5,1304,MeadowV,1976,1,115000
6,1578,NAmes,1941,1,133000
6,1456,Gilbert,2006,2,172785
5,1269,NAmes,1960,1,155000
5,886,OldTown,1938,1,91300
4,720,IDOTRR,1920,0,34900
8,3228,NoRidge,1992,2,430000
7,1820,BrkSide,1925,1,184000
5,899,Sawyer,1967,1,130000
5,912,NAmes,1958,1,120000
6,1218,BrDale,1973,1,113000
7,1768,Somerst,2005,2,226700
5,1214,Edwards,1965,2,140000
7,1801,Crawfor,1959,2,289000
6,1322,NPkVill,1974,2,147000
5,1960,OldTown,1952,2,124500
8,1911,SawyerW,1993,2,215000
6,1218,Somerst,2009,2,208300
7,1378,OldTown,1928,2,161000
5,1041,NAmes,1959,1,124500
5,1363,NAmes,1951,1,164900
7,1368,NridgHt,2005,2,202665
5,864,NAmes,1958,2,129900
6,1080,Mitchel,1983,2,134000
5,789,Crawfor,1926,1,96500
10,2020,NridgHt,2009,3,402861
6,2119,NWAmes,1972,2,158000
7,2344,NoRidge,1996,3,265000
6,1796,CollgCr,1998,2,211000
7,2080,Crawfor,1926,1,234000
4,1294,OldTown,1900,0,106250
6,1244,NAmes,1957,1,150000
6,1664,BrkSide,1947,2,159000
10,4676,Edwards,2007,3,184750
7,2398,NoRidge,1996,3,315750
7,1266,Somerst,2005,2,176000
5,928,NAmes,1956,1,132000
9,2713,NridgHt,2008,3,446261
4,605,Edwards,1920,0,86000
6,2515,Crawfor,1957,2,200624
6,1509,Timber,1988,2,175000
6,1362,BrkSide,1920,2,128000
5,827,NAmes,1955,1,107500
1,334,BrkSide,1946,0,39300
8,1414,Gilbert,2004,2,178000
5,1347,Edwards,1910,0,107500
7,1724,CollgCr,1998,2,188000
4,864,NAmes,1972,2,111250
5,1159,Sawyer,1968,1,158000
8,1601,CollgCr,2001,2,272000
9,1838,Timber,2006,3,315000
8,2285,NoRidge,2000,3,248000
7,1680,NWAmes,1998,2,213250
7,767,NAmes,1998,1,133000
7,1496,Gilbert,2006,2,179665
7,2183,NWAmes,1988,3,229000
6,1635,BrkSide,1923,2,210000
5,768,Mitchel,1970,2,129500
5,825,OldTown,1955,2,125000
7,2094,Somerst,2003,2,263000
6,1069,NPkVill,1977,2,140000
5,928,OldTown,1957,1,112500
8,1717,NridgHt,2006,3,255500
4,1126,Edwards,1949,2,108000
7,2046,NridgHt,2003,3,284000
5,1048,BrkSide,1922,1,113000
5,1092,NAmes,1957,1,141000
4,1336,IDOTRR,1920,1,108000
7,1446,Gilbert,1996,2,175000
7,1557,Blmngtn,2003,2,234000
5,1392,Sawyer,1957,2,121500
5,1389,Mitchel,1974,2,170000
5,996,Edwards,1940,0,108000
6,1674,Edwards,1918,2,185000
7,2295,NoRidge,1992,2,268000
6,1647,SWISU,1915,1,128000
9,2504,StoneBr,2005,3,325000
7,1535,NridgHt,2004,2,214000
8,2132,SawyerW,1983,2,316600
5,943,NAmes,1979,2,135960
5,1728,NAmes,1965,2,142600
6,864,NAmes,1959,1,120000
7,1692,Timber,2009,2,224500
7,1430,Gilbert,2000,2,170000
5,1109,NAmes,1971,1,139000
5,1216,NAmes,1947,1,118500
7,1477,SWISU,1928,1,145000
5,1320,Sawyer,1966,2,164500
7,1392,Somerst,2007,2,146000
5,1795,OldTown,1954,1,131500
6,1429,NAmes,1960,2,181900
8,2042,NridgHt,2008,3,253293
6,816,Edwards,1990,0,118500
10,2775,OldTown,1893,2,325000
4,1573,BrkSide,1935,1,133000
8,2028,Timber,2005,3,369900
6,838,BrkSide,1918,1,130000
5,860,Sawyer,1982,2,137000
5,1473,ClearCr,1968,1,143000
5,935,BrkSide,1930,1,79500
7,1582,CollgCr,2004,2,185900
10,2296,NridgHt,2008,3,451950
5,816,Mitchel,1982,2,138000
6,848,CollgCr,2003,2,140000
5,924,CollgCr,1975,1,110000
8,1826,StoneBr,2005,3,319000
6,1368,OldTown,1910,1,114504
7,1402,Blmngtn,2006,3,194201
5,1647,Crawfor,1977,2,217500
6,1556,Blueste,1980,2,151000
8,1904,NridgHt,2005,2,275000
6,1375,IDOTRR,1937,1,141000
8,1915,SawyerW,1992,2,220000
7,1200,Somerst,2004,2,151000
7,1494,CollgCr,2002,2,221000
7,1986,NAmes,1965,2,205000
5,1040,CollgCr,1996,2,152000
5,2008,Edwards,1948,1,225000
8,3194,Crawfor,1934,2,359100
4,1029,Sawyer,1961,1,118500
9,2153,CollgCr,2000,3,313000
6,1032,NWAmes,1978,2,148000
8,1872,CollgCr,2001,2,261500
5,1120,Mitchel,2007,0,147000
4,630,MeadowV,1972,0,75500
6,1054,NAmes,1963,2,137500
6,1509,Gilbert,2002,2,183200
6,832,NAmes,1954,2,105500
9,1828,NridgHt,2007,3,314813
8,2262,Timber,2003,3,305000
3,864,Edwards,1914,0,67000
6,2614,NWAmes,1974,2,240000
5,980,Sawyer,1977,2,135000
6,1512,Somerst,2000,2,168500
6,1790,NWAmes,1972,2,165150
6,1116,NAmes,1962,2,160000
5,1422,NAmes,1960,1,139900
6,1520,NAmes,1955,1,153000
5,2080,NAmes,1969,2,135000
6,1350,NAmes,1964,2,168500
5,1750,OldTown,1880,1,124000
8,1554,NridgHt,2006,2,209500
7,1411,NWAmes,1977,2,82500
5,1056,NAmes,1954,1,139400
6,1056,OldTown,1980,2,144000
6,3395,SWISU,1914,0,200000
2,800,BrkSide,1936,0,60000
5,1387,OldTown,1954,1,93000
5,796,Edwards,1910,0,85000
8,1567,Blmngtn,2006,3,264561
8,1518,NridgHt,2003,2,274000
7,1929,Somerst,2001,2,226000
8,2704,NAmes,1972,2,345000
5,1620,NWAmes,1969,2,152000
9,1766,Somerst,2009,3,370878
6,981,NAmes,1971,2,143250
5,1048,NAmes,1950,2,98300
6,1094,Edwards,1953,2,155000
6,1839,NAmes,1966,2,155000
4,630,MeadowV,1970,0,84500
7,1665,Somerst,2007,2,205950
4,1510,Edwards,1940,1,108000
7,1716,CollgCr,1996,2,191000
6,1469,IDOTRR,1906,1,135000
8,2113,NoRidge,1995,3,350000
6,1092,BrDale,1971,1,88000
5,1053,NAmes,1959,1,145500
7,1502,Crawfor,1931,1,149000
6,1458,NAmes,1948,1,97500
5,1486,Edwards,1964,2,167000
7,1935,NWAmes,1976,2,197900
8,2448,NoRidge,1994,3,402000
6,1392,NAmes,1968,2,110000
4,1181,Edwards,1972,2,137500
8,2097,Somerst,2005,3,423000
8,1936,Gilbert,2000,2,230500
6,2380,NAmes,1965,2,129000
6,1679,SawyerW,1994,2,193500
5,1437,Sawyer,1956,2,168000
4,1180,Crawfor,1922,1,137500
6,1476,CollgCr,2005,2,173500
6,1369,Edwards,1925,1,103600
6,1208,Veenker,1977,2,165000
6,1839,Crawfor,1957,2,257500
6,1136,NAmes,1965,1,140000
6,1441,NPkVill,1978,2,148500
4,1774,OldTown,1900,3,87000
5,792,OldTown,1924,1,109500
8,2046,StoneBr,2008,3,372500
5,988,Sawyer,1961,2,128500
6,923,SawyerW,1980,1,143000
5,1520,SWISU,1932,1,159434
6,1291,ClearCr,1996,2,173000
9,1668,CollgCr,2002,3,285000
7,1839,NoRidge,1998,2,221000
7,2090,StoneBr,1984,2,207500
7,1761,Somerst,2007,2,227875
7,1102,Somerst,2004,2,148800
8,1419,StoneBr,2007,2,392000
6,1362,NridgHt,2005,2,194700
6,848,CollgCr,2004,2,141000
10,4316,NoRidge,1994,3,755000
7,2519,Timber,1989,2,335000
5,1073,OldTown,1921,1,108480
5,1539,BrkSide,1936,2,141500
6,1137,Timber,1987,2,176000
5,616,BrkSide,1921,1,89000
5,1148,Edwards,1952,1,123500
5,894,Sawyer,1965,1,138500
7,1391,Somerst,2004,2,196000
8,1800,Timber,2002,3,312500
7,1164,NWAmes,1969,2,140000
8,2576,StoneBr,2006,3,361919
5,1812,OldTown,1900,2,140000
7,1484,CollgCr,2004,2,213000
4,1092,IDOTRR,1930,0,55000
7,1824,ClearCr,1971,2,302000
8,1324,NridgHt,2006,2,254000
7,1456,Gilbert,2007,2,179540
5,904,Sawyer,1966,1,109900
3,729,BrkSide,1935,0,52000
4,1178,IDOTRR,1900,1,102776
8,1228,StoneBr,1988,2,189000
4,960,BrkSide,1970,2,129000
6,1479,Sawyer,1976,2,130500
6,1350,NWAmes,1974,2,165000
7,2554,OldTown,1890,2,159500
5,1178,NWAmes,1973,2,157000
7,2418,NoRidge,1993,3,341000
5,971,CollgCr,1969,1,128500
8,1742,StoneBr,1985,2,275000
6,848,CollgCr,2004,2,143000
4,864,NAmes,1970,2,124500
4,1470,Edwards,1954,1,135000
9,1698,Edwards,2007,3,320000
4,864,NAmes,1970,2,120500
6,1680,Crawfor,1988,2,222000
7,1232,CollgCr,2007,2,194500
5,1776,NAmes,1958,3,110000
4,1208,IDOTRR,1925,2,103000
8,1616,StoneBr,1995,2,236500
7,1146,Timber,2003,2,187500
7,2031,CollgCr,1998,2,222500
5,1144,Sawyer,1961,1,131400
5,948,Sawyer,1968,1,108000
7,1768,OldTown,1914,2,163000
3,1040,NAmes,1950,2,93500
8,1801,Gilbert,2005,3,239900
5,1200,Edwards,1987,0,179000
7,1728,CollgCr,2004,2,190000
5,1432,OldTown,1910,2,132000
6,912,Sawyer,1961,1,142000
7,1349,SawyerW,2000,2,179000
5,1464,Sawyer,1963,2,175000
8,1337,StoneBr,1993,2,180000
8,2715,NWAmes,1976,2,299800
7,2256,Gilbert,2000,2,236000
7,2640,OldTown,1880,4,265979
7,1720,NoRidge,1996,2,260400
4,1529,Edwards,1945,1,98000
4,1140,OldTown,1910,0,96500
7,1320,Gilbert,2003,2,162000
6,1494,CollgCr,1997,2,217000
8,2098,NridgHt,2005,3,275500
6,1026,NAmes,1969,2,156000
6,1471,Somerst,1999,2,172500
8,1768,CollgCr,2007,2,212000
6,1386,Sawyer,1978,2,158900
7,1501,Somerst,1999,2,179400
8,2531,NoRidge,1995,3,290000
6,864,NAmes,1959,1,127500
5,1301,BrkSide,1924,2,100000
7,1547,Somerst,2009,2,215200
8,2365,NoRidge,1999,3,337000
8,1494,Veenker,1995,2,270000
9,1506,Somerst,2008,2,264132
7,1714,NWAmes,1988,2,196500
6,1750,Mitchel,1940,1,160000
7,1836,CollgCr,2004,2,216837
8,3279,StoneBr,2003,3,538000
5,858,Sawyer,1982,2,134900
4,1220,Edwards,1951,2,102000
6,1117,Edwards,1976,2,107000
5,912,NAmes,1958,1,114500
8,1973,NridgHt,2006,3,395000
6,1204,Mitchel,1998,2,162000
7,1614,CollgCr,2005,3,221500
5,894,Sawyer,1974,2,142500
5,2020,SawyerW,1977,2,144000
6,1004,Mitchel,1977,2,135000
7,1253,Gilbert,1995,2,176000
6,1603,SawyerW,1992,2,175900
7,1430,CollgCr,2001,2,187100
5,1110,Mitchel,1978,2,165500
6,1484,OldTown,1914,0,128000
6,1342,NWAmes,1967,2,161500
5,1652,OldTown,1915,1,139000
7,2084,SawyerW,2004,2,233000
4,901,OldTown,1954,1,107900
6,2087,ClearCr,1966,2,187500
7,1145,Blmngtn,2005,2,160200
6,1062,Mitchel,1976,2,146800
7,2013,NoRidge,1996,2,269790
8,1496,Somerst,2007,2,225000
7,1895,Gilbert,1994,2,194500
6,1564,SawyerW,1980,2,171000
6,1285,Sawyer,1977,2,143500
5,773,NAmes,1953,1,110000
9,3140,NridgHt,2008,3,485000
5,1768,SWISU,1937,1,175000
6,1688,ClearCr,1997,2,200000
4,1196,IDOTRR,1916,2,109900
7,1456,CollgCr,2005,2,189000
9,2822,NridgHt,2008,3,582933
5,1128,NAmes,1954,1,118000
7,1428,Somerst,2008,2,227680
5,980,NAmes,1967,1,135500
5,1576,BrkSide,1923,2,223500
5,1086,NAmes,1966,2,159950
5,2138,OldTown,1898,2,106000
6,1309,NWAmes,1974,2,181000
6,848,CollgCr,2004,2,144500
5,1044,IDOTRR,1952,2,55993
6,1442,NAmes,1958,1,157900
5,1250,Edwards,1918,1,116000
7,1661,CollgCr,1998,2,224900
5,1008,NAmes,1954,1,137000
8,1689,Mitchel,2002,3,271000
6,1052,ClearCr,1971,2,155000
7,1358,NridgHt,2009,2,224000
7,1640,CollgCr,2003,2,183000
4,936,OldTown,1953,2,93000
7,1733,Gilbert,2003,2,225000
6,1489,SWISU,1940,1,139500
8,1489,Somerst,2006,2,232600
10,2084,NridgHt,2007,3,385000
5,784,BrkSide,1924,0,109500
7,1434,SawyerW,2001,2,189000
5,2126,ClearCr,1967,2,185000
7,1223,Somerst,2005,2,147400
6,1392,NAmes,1957,2,166000
7,1200,Somerst,2005,2,151000
7,1829,CollgCr,2003,2,237000
6,1516,NAmes,1964,2,167000
5,1144,NAmes,1961,2,139950
4,1067,Sawyer,1950,2,128000
5,1559,OldTown,1948,2,153500
6,987,BrDale,1973,1,100000
5,1099,CollgCr,1995,1,144000
5,1200,Edwards,1946,1,130500
6,1482,SWISU,1925,1,140000
5,1539,OldTown,1904,2,157500
6,1165,NAmes,1966,2,174900
5,1800,NAmes,1961,0,141000
5,1416,OldTown,1915,3,153900
5,1701,Sawyer,1975,2,171000
7,1775,SawyerW,1993,2,213000
5,864,CollgCr,1972,1,133500
6,2358,ClearCr,1908,2,240000
6,1855,Veenker,1976,2,187000
6,848,CollgCr,2003,2,131500
8,1456,Blmngtn,2003,2,215000
7,1646,Crawfor,1941,1,164000
6,1445,NAmes,1964,2,158000
5,1779,Sawyer,1955,2,170000
5,1040,Sawyer,1962,1,127000
6,1026,CollgCr,1978,2,147000
6,1481,Gilbert,1994,2,174000
7,1370,NWAmes,1976,2,152000
6,2654,NWAmes,1968,2,250000
7,1426,Crawfor,1918,1,189950
5,1039,Sawyer,1965,2,131500
6,1097,SawyerW,1984,2,152000
5,1148,NAmes,1959,1,132500
7,1372,Somerst,2007,2,250580
5,1002,NAmes,1970,2,148500
8,1646,Timber,2006,3,248900
4,1120,Sawyer,1961,2,129000
5,2320,Gilbert,1948,2,169000
7,1949,SawyerW,1993,2,236000
5,894,NAmes,1962,1,109500
6,1682,CollgCr,1998,2,200500
5,910,NAmes,1953,2,116000
5,1268,NAmes,1949,1,133000
5,1131,OldTown,1941,1,66500
8,2610,Somerst,2007,2,303477
4,1040,Mitchel,1963,2,132250
9,2224,NridgHt,2004,3,350000
5,1155,Sawyer,1961,2,148000
5,864,CollgCr,1978,1,136500
5,1090,Edwards,2005,2,157000
7,1717,Timber,1990,2,187500
6,1593,Gilbert,1992,2,178000
4,2230,SWISU,1912,1,118500
5,892,NAmes,1967,1,100000
9,1709,Somerst,1999,2,328900
5,1712,NAmes,1959,2,145000
5,1393,Edwards,1955,1,135500
8,2217,NAmes,1970,2,268000
6,1505,NAmes,1953,2,149500
5,924,NAmes,1949,2,122900
6,1683,Sawyer,1978,2,172500
6,1068,Sawyer,1963,1,154500
5,1383,Sawyer,1954,1,165000
5,1535,SawyerW,1979,2,118858
6,1796,NAmes,1963,2,140000
4,951,IDOTRR,1936,1,106500
5,2240,SawyerW,1979,2,142953
9,2364,NridgHt,2009,3,611657
5,1236,Sawyer,1961,1,135000
4,858,NAmes,1971,1,110000
5,1306,NAmes,1957,1,153000
7,1509,Gilbert,2003,2,180000
7,1670,Gilbert,2006,3,240000
5,902,Sawyer,1967,1,125500
5,1063,NAmes,1954,1,128000
8,1636,Somerst,2006,3,255000
7,2057,Crawfor,1936,1,250000
5,902,Mitchel,1983,2,131000
6,1484,Gilbert,2005,2,174000
5,2274,NAmes,1960,2,154300
5,1268,CollgCr,1977,1,143500
5,1015,BrkSide,1925,1,88000
5,2002,Crawfor,1949,3,145000
6,1224,Somerst,2009,2,173733
4,1092,MeadowV,1970,1,75000
2,480,IDOTRR,1949,1,35311
4,1229,Edwards,1956,1,135000
7,2127,SawyerW,1991,3,238000
6,1414,NAmes,1958,2,176500
6,1721,SawyerW,1994,2,201000
5,2200,Edwards,1900,0,145900
6,1316,Gilbert,2005,2,169990
6,1617,SawyerW,1993,2,193000
6,1686,NWAmes,1980,2,207500
5,1126,NWAmes,1977,2,175000
8,2374,NridgHt,2003,3,285000
7,1978,NWAmes,1968,2,176000
8,1788,CollgCr,2001,2,236500
7,2236,Gilbert,1997,2,222000
8,1466,Timber,2007,3,201000
5,925,NAmes,1965,1,117500
9,1905,Somerst,2006,3,320000
7,1500,CollgCr,2004,2,190000
7,2069,NAmes,1960,2,242000
4,747,BrkSide,1926,2,79900
7,1200,SawyerW,2003,2,184900
7,1971,Somerst,2005,2,253000
7,1962,CollgCr,2006,3,239799
7,2403,ClearCr,1940,1,244400
6,1728,Mitchel,1976,2,150900
7,2060,Gilbert,1999,2,214000
4,1440,Edwards,1977,0,150000
5,1632,Mitchel,1967,2,143000
6,1344,Timber,1958,2,137500
5,1869,OldTown,1890,2,124900
5,1144,NAmes,1959,1,143000
8,1629,Timber,2002,3,270000
7,1776,CollgCr,2002,2,192500
6,1381,NWAmes,1972,2,197500
5,864,NAmes,1950,2,129000
5,965,SawyerW,1965,1,119900
5,768,CollgCr,1972,1,133900
5,1968,Mitchel,1969,2,172000
6,980,Edwards,1975,0,127500
6,1958,Crawfor,1946,2,145000
6,1229,Blueste,1980,2,124000
5,1057,Sawyer,1962,2,132000
7,1337,CollgCr,2003,2,185000
7,1416,Somerst,1999,2,155000
5,858,BrkSide,1958,0,116500
6,2872,NWAmes,1977,2,272000
6,1548,NPkVill,1976,2,155000
9,1800,CollgCr,2007,2,239000
7,1894,Timber,2002,2,214900
6,1484,Gilbert,2005,2,178900
5,1308,Crawfor,1940,1,160000
5,1098,NAmes,1955,1,135000
3,968,OldTown,1910,0,37900
6,1095,NAmes,1958,1,140000
4,1192,NAmes,1949,0,135000
7,1626,NridgHt,2003,2,173000
6,918,SawyerW,1979,1,99500
7,1428,Somerst,2007,2,182000
7,2019,BrkSide,1910,2,167500
7,1382,Somerst,2000,2,165000
4,869,BrkSide,1923,0,85500
7,1241,Somerst,2006,2,199900
4,894,Edwards,1954,2,110000
5,1121,Sawyer,1963,2,139000
7,999,NAmes,1961,2,178400
8,2612,NoRidge,1998,3,336000
7,1266,Blmngtn,2007,2,159895
8,2290,CollgCr,2002,2,255900
5,1734,Mitchel,1977,2,126000
5,1164,Edwards,1950,1,125000
6,1635,OldTown,1910,1,117000
9,1940,NridgHt,2009,3,395192
6,2030,NWAmes,1976,2,195000
7,1576,Somerst,2006,2,197000
8,2392,NoRidge,1997,3,348000
8,1742,OldTown,1882,2,168000
6,1851,NAmes,1964,2,187000
6,1500,CollgCr,2005,2,173900
10,1718,NridgHt,2006,3,337500
4,1230,BrkSide,1946,1,121600
5,1050,NAmes,1961,1,136500
6,1442,NWAmes,1970,2,185000
3,1077,IDOTRR,1922,1,91000
7,1208,CollgCr,2006,2,206000
3,944,Edwards,1952,2,82000
5,691,OldTown,1920,1,86000
8,1574,Somerst,2006,3,232000
5,1680,NWAmes,1976,2,136905
7,1504,Blmngtn,2005,2,181000
5,985,CollgCr,1977,1,149900
6,1657,NAmes,1970,2,163500
4,1092,MeadowV,1970,1,88000
7,1710,Mitchel,2004,2,240000
5,1522,SWISU,1926,0,102000
5,1271,Sawyer,1948,1,135000
5,1664,Edwards,1965,0,100000
6,1502,Crawfor,1923,1,165000
5,1022,OldTown,1910,1,85000
6,1082,NAmes,1948,1,119200
8,1665,NWAmes,2001,2,227000
7,1504,CollgCr,1996,2,203000
8,1360,StoneBr,1984,2,187500
7,1472,Gilbert,1991,2,160000
7,1506,Blmngtn,2005,2,213490
4,1132,Edwards,2005,2,176000
7,1220,CollgCr,2006,2,194000
5,1248,OldTown,1930,1,87000
7,1504,Blmngtn,2005,2,191000
8,2898,Timber,1976,2,287000
5,882,CollgCr,1972,2,112500
5,1264,NAmes,1960,2,167500
8,1646,Timber,2007,3,293077
5,1376,NAmes,1941,1,105000
6,1218,BrDale,1972,1,118000
5,1928,SWISU,1916,0,160000
7,3082,SWISU,1920,2,197000
8,2520,NoRidge,1993,3,310000
7,1654,CollgCr,2002,3,230000
5,954,Crawfor,1938,1,119750
4,845,Edwards,1957,1,84000
9,1620,Timber,2007,3,315500
8,2263,CollgCr,2001,2,287000
4,1344,MeadowV,1970,0,97000
4,630,MeadowV,1970,1,80000
5,1803,Sawyer,1957,2,155000
6,1632,NWAmes,1966,2,173000
6,1306,NridgHt,2005,2,196000
7,2329,SawyerW,1990,2,262280
8,2524,NWAmes,1981,2,278000
3,1733,Edwards,1955,2,139600
9,2868,StoneBr,2005,3,556581
5,990,CollgCr,1994,2,145000
5,1771,Mitchel,1960,2,115000
4,930,Edwards,1946,1,84900
7,1302,Gilbert,2007,2,176485
7,1316,CollgCr,2007,2,200141
6,1977,NAmes,1964,2,165000
5,1526,Edwards,1957,1,144500
8,1989,CollgCr,2002,2,255000
6,1523,NWAmes,1976,2,180000
7,1364,NridgHt,2005,2,185850
7,1850,NoRidge,1994,2,248000
9,2184,NridgHt,2008,3,335000
6,1991,Crawfor,1932,2,220000
8,1338,StoneBr,2001,2,213500
3,894,IDOTRR,1935,3,81000
5,2337,OldTown,1900,2,90000
6,1103,OldTown,1925,2,110500
5,1154,NAmes,1966,2,154000
7,2260,ClearCr,1996,2,328000
6,1571,Gilbert,1993,2,178000
6,1611,NAmes,1964,2,167900
6,2521,MeadowV,1973,2,151400
5,893,NAmes,1949,2,135000
5,1048,NAmes,1956,1,135000
6,1556,NWAmes,1968,2,154000
5,1456,Edwards,1948,1,91500
6,1426,Edwards,1977,2,159500
7,1240,CollgCr,2006,3,194000
7,1740,Crawfor,1940,1,219500
5,1466,OldTown,1936,2,170000
5,1096,NAmes,1969,1,138800
6,848,CollgCr,2004,2,155900
5,990,CollgCr,1994,1,126000
6,1258,NWAmes,1971,2,145000
5,1040,Sawyer,1963,1,133000
7,1459,CollgCr,2002,2,192000
6,1251,NAmes,1964,1,160000
6,1498,Gilbert,1995,2,187500
6,996,SawyerW,1992,2,147000
4,1092,MeadowV,1973,1,83500
8,1953,Somerst,2005,3,252000
7,1709,Edwards,2004,2,137500
8,1247,Somerst,2005,2,197000
3,1040,NAmes,1950,2,92900
7,1252,Somerst,1999,2,160000
6,1694,SWISU,1925,2,136500
5,1200,NAmes,1965,2,146000
5,936,NAmes,1956,1,129000
6,1314,CollgCr,2006,2,176432
6,1355,IDOTRR,1914,0,127000
8,1088,StoneBr,1986,2,170000
4,1324,BrkSide,1936,1,128000
7,1601,NWAmes,1978,2,157000
2,438,SWISU,1920,1,60000
5,950,NAmes,1971,1,119500
5,1134,NAmes,1960,1,135000
6,1194,NAmes,1959,2,159500
5,1302,BrDale,1970,2,106000
8,2622,NoRidge,1994,2,325000
7,1442,SawyerW,1990,2,179900
7,2021,Gilbert,2006,2,274725
6,1690,Gilbert,2000,2,181000
8,1836,NridgHt,2004,3,280000
6,1658,Gilbert,1995,2,188000
7,1964,NWAmes,1976,2,205000
5,816,NAmes,1957,1,129900
5,1008,NAmes,1953,1,134500
5,833,OldTown,1954,1,117000
8,1734,NridgHt,2007,3,318000
8,1419,Gilbert,2002,2,184100
5,894,Sawyer,1967,2,130000
5,1601,Sawyer,1958,1,140000
5,1040,NAmes,1959,1,133700
6,1012,IDOTRR,1920,1,118400
7,1552,CollgCr,2005,3,212900
4,960,Edwards,1956,1,112000
5,698,Edwards,1947,0,118000
7,1482,Gilbert,1992,2,163900
4,1005,NAmes,1955,2,115000
7,1555,Blmngtn,2007,3,174000
7,1530,Gilbert,2004,3,259000
7,1959,Gilbert,2004,2,215000
5,936,OldTown,1980,2,140000
4,1981,SWISU,1928,2,135000
5,974,Mitchel,1991,0,93500
6,2210,OldTown,1880,1,117500
8,2020,SawyerW,1995,2,239500
6,1600,Gilbert,1997,2,169000
6,986,BrkSide,1926,1,102000
6,1252,NAmes,1950,1,119000
5,1020,Sawyer,1875,0,94000
6,1567,Mitchel,1977,2,196000
5,1167,BrkSide,1920,2,144000
5,952,NAmes,1951,2,139000
5,1868,NWAmes,1976,2,197500
8,2828,CollgCr,2006,3,424870
5,1006,Sawyer,1959,0,80000
4,924,Edwards,1941,1,80000
5,1576,BrkSide,1928,1,149000
6,1298,SawyerW,1985,2,180000
7,1564,Crawfor,1941,1,174500
7,1111,OldTown,1926,1,116900
7,1482,OldTown,1920,2,143000
6,932,NAmes,1950,1,124000
5,1466,Edwards,1959,2,149900
6,1811,Crawfor,1956,2,230000
6,816,IDOTRR,1930,1,120500
7,1820,NAmes,1965,2,201800
5,1437,Veenker,1976,2,218000
5,1265,NAmes,1965,2,179900
7,1314,NridgHt,2007,2,230000
8,1580,Somerst,2007,3,235128
6,1876,NWAmes,1974,2,185000
6,1456,NPkVill,1978,2,146000
6,1640,Crawfor,1954,2,224000
5,894,Sawyer,1968,2,129000
4,1258,Sawyer,1969,2,108959
5,1432,Veenker,1978,2,194000
7,1502,NridgHt,2009,2,233170
8,1694,CollgCr,2008,3,245350
6,1671,Gilbert,2000,2,173000
6,2108,Edwards,1935,2,235000
10,3627,NoRidge,1995,3,625000
6,1118,Mitchel,1977,1,171000
6,1261,NAmes,1958,2,163000
7,1250,Somerst,2006,2,171900
5,3086,ClearCr,1946,0,200500
6,2345,Crawfor,1932,2,239000
8,2872,NoRidge,1992,2,285000
5,923,Mitchel,1984,1,119500
6,1224,OldTown,1926,1,115000
5,1343,Crawfor,1921,1,154900
5,1124,Edwards,1954,0,93000
7,2514,Timber,1990,2,250000
8,1652,Crawfor,2008,2,392500
10,4476,NoRidge,1996,3,745000
5,1130,OldTown,1920,2,120000
5,1572,Timber,1963,3,186700
5,1221,Edwards,1924,1,104900
3,1699,OldTown,1900,2,95000
8,1624,NoRidge,1994,3,262000
7,1660,CollgCr,2002,2,195000
7,1804,Gilbert,1999,2,189000
4,1622,Mitchel,1961,4,168000
8,1441,Somerst,1999,2,174000
5,1472,OldTown,1925,1,125000
6,1224,Mitchel,1999,2,165000
6,1352,Sawyer,1969,1,158000
6,1456,Gilbert,2005,2,176000
7,1863,Gilbert,2006,3,219210
7,1690,OldTown,1916,1,144000
7,1212,CollgCr,2001,2,178000
4,1382,Sawyer,1963,2,148000
4,864,NAmes,1970,1,116050
7,1779,CollgCr,1998,2,197900
5,1348,BrkSide,1925,1,117000
7,1630,CollgCr,2000,2,213000
5,1074,NWAmes,1975,2,153500
7,2196,SawyerW,1990,3,271900
4,1056,SawyerW,1966,1,107000
6,1700,CollgCr,2003,2,200000
5,1283,NAmes,1962,2,140000
8,1660,Somerst,2006,2,290000
6,1845,SawyerW,1992,2,189000
8,1752,Gilbert,1988,2,164000
4,672,Edwards,1941,1,113000
4,960,Sawyer,1965,1,145000
5,999,NAmes,1962,1,134500
5,894,Sawyer,1966,1,125000
6,1902,Sawyer,1978,2,112000
8,1314,Somerst,2009,2,229456
4,912,BrkSide,1947,0,80500
6,1218,BrDale,1971,0,91500
5,912,NAmes,1964,1,115000
5,1211,Sawyer,1968,1,134000
6,1846,NAmes,1949,1,143000
5,2136,NAmes,1951,2,137900
7,1490,Gilbert,2004,2,184000
6,1138,NAmes,1958,1,145000
6,1933,Somerst,2007,3,214000
5,912,NAmes,1965,2,147000
9,1702,NridgHt,2008,3,367294
5,1507,NAmes,1960,1,127000
5,2620,Sawyer,1977,2,190000
5,1190,NAmes,1962,2,132500
4,1224,NAmes,1962,2,101800
5,1188,NAmes,1959,2,142000
5,1964,SWISU,1911,0,130000
5,1784,Crawfor,1914,1,138887
7,1626,NridgHt,2003,2,175500
7,1948,CollgCr,2004,2,195000
6,1141,SawyerW,2005,2,142500
8,1484,Timber,2006,2,265900
7,1768,CollgCr,2003,2,224900
7,1689,Somerst,2007,3,248328
7,1173,NWAmes,1974,2,170000
10,2076,NridgHt,2006,3,465000
8,1517,Crawfor,1929,2,230000
6,1868,NWAmes,1984,2,178000
7,1553,Somerst,2005,2,186500
6,1034,Mitchel,1976,3,169900
6,2058,OldTown,1917,2,129500
5,988,NAmes,1950,1,119000
7,2110,NAmes,1968,2,244000
7,1405,NridgHt,2003,2,171750
5,874,Mitchel,1968,1,130000
7,2167,Veenker,1974,2,294000
7,1656,Edwards,2003,2,165400
6,1367,BrkSide,1931,1,127500
8,1987,NoRidge,1994,2,301500
5,864,Edwards,1922,0,99900
7,1166,Gilbert,2005,2,190000
6,1054,NAmes,1969,2,151000
6,1675,Gilbert,1999,2,181000
5,1050,NAmes,1956,1,128900
4,1788,ClearCr,1957,1,161500
6,1824,BrkSide,1919,2,180500
6,1337,NAmes,1998,2,181000
7,1452,Somerst,1999,2,183900
7,1889,OldTown,1910,1,122000
9,2018,Timber,2008,3,378500
8,3447,Crawfor,1935,3,381000
5,1524,NAmes,1958,1,144000
7,1524,ClearCr,1979,2,260000
6,1489,NWAmes,1968,2,185750
5,935,Sawyer,1965,1,137000
6,1357,Edwards,1959,1,177000
5,1250,Crawfor,1910,2,139000
5,1920,NAmes,1948,2,137000
6,1395,NWAmes,1972,2,162000
6,1724,NWAmes,1967,2,197900
8,2031,CollgCr,2002,2,237000
4,1128,IDOTRR,1920,2,68400
7,1573,CollgCr,2002,2,227000
7,1339,Timber,1990,2,180000
5,1040,CollgCr,1977,2,150500
6,1824,Mitchel,1971,0,139000
6,2447,SWISU,1919,1,169000
6,1412,BrkSide,1939,1,132500
6,1328,NWAmes,1963,2,143000
5,1582,ClearCr,1964,2,190000
8,1659,StoneBr,2000,2,278000
8,1970,NridgHt,2006,3,281000
5,1152,NAmes,1964,2,180500
5,1302,BrDale,1972,1,119500
5,2372,OldTown,1892,1,107500
7,1664,NWAmes,1976,2,162900
5,864,Edwards,1955,2,115000
5,1052,NAmes,1968,1,138500
5,1128,NAmes,1963,2,155000
6,1072,Edwards,2005,2,140000
10,5642,Edwards,2008,2,160000
5,1246,NAmes,1959,1,154000
7,1983,Gilbert,1999,2,225000
6,1494,Crawfor,1942,1,177500
8,2526,NoRidge,1994,3,290000
7,1616,Somerst,2005,3,232000
7,1708,Edwards,2004,2,130000
9,1652,NridgHt,2006,2,325000
7,1368,NridgHt,2005,2,202500
5,990,CollgCr,1994,2,138000
5,1122,OldTown,1948,2,147000
6,1294,SawyerW,1991,2,179200
7,1902,Crawfor,1959,2,335000
7,1274,CollgCr,2005,2,203000
8,2810,NoRidge,1990,2,302000
9,2599,NoRidge,1999,3,333168
4,948,Edwards,1954,1,119000
6,2112,NAmes,1969,2,206900
8,1630,CollgCr,2008,3,295493
7,1352,Somerst,2006,2,208900
8,1787,CollgCr,2001,3,275000
4,948,Edwards,1954,1,111000
6,1478,NAmes,1957,2,156500
3,720,BrkSide,1949,1,72500
7,1923,NoRidge,1992,2,190000
4,708,BrkSide,1940,0,82500
8,1795,Somerst,2006,3,147000
4,796,IDOTRR,1922,0,55000
3,774,Edwards,1931,0,79000
5,816,Mitchel,1982,1,130500
6,2792,OldTown,1920,2,256000
7,1632,Gilbert,1998,2,176500
8,1588,Somerst,2006,3,227000
5,954,CollgCr,1976,2,132500
4,816,Edwards,1938,1,100000
5,1360,IDOTRR,1938,1,125500
5,1365,BrDale,1970,2,125000
6,1334,NWAmes,1977,2,167900
5,1656,NWAmes,1973,2,135000
4,693,OldTown,1941,0,52500
7,1861,CollgCr,2002,2,200000
5,864,CollgCr,1972,1,128500
4,872,NAmes,1971,4,123000
6,1114,SawyerW,2003,2,155000
8,2169,CollgCr,2002,2,228500
6,1913,Crawfor,1928,2,177000
7,1456,CollgCr,2006,2,155835
4,960,OldTown,1920,1,108500
7,2156,NWAmes,1968,2,262500
8,1776,Timber,2006,3,283463
7,1494,SawyerW,1998,2,215000
8,2358,OldTown,1872,0,122000
5,2634,NAmes,1969,4,200000
6,1716,NAmes,1962,2,171000
6,1176,BrkSide,1937,2,134900
8,3238,NoRidge,1995,3,410000
7,1865,CollgCr,2000,3,235000
7,1920,NWAmes,1968,2,170000
5,892,NAmes,1966,1,110000
5,1078,NAmes,1971,2,149900
6,1573,Somerst,2000,2,177500
9,1980,NridgHt,2004,3,315000
5,2601,SWISU,1921,2,189000
7,1530,StoneBr,2005,2,260000
4,1738,NAmes,1920,1,104900
6,1412,Gilbert,2006,2,156932
7,1200,Somerst,2005,2,144152
7,1674,Somerst,2000,2,216000
7,1790,CollgCr,1999,2,193000
5,1475,MeadowV,1977,1,127000
6,848,CollgCr,2003,2,144000
8,1668,CollgCr,2003,2,232000
4,1374,OldTown,1920,1,105000
6,1661,NAmes,1955,1,165500
7,2097,CollgCr,1998,2,274300
10,2633,NoRidge,2001,3,466500
7,1958,Somerst,2005,3,250000
8,1571,Timber,2007,3,239000
6,790,SWISU,1930,1,91000
5,1604,Edwards,1941,2,117000
6,987,BrDale,1973,1,83000
5,1394,Timber,2006,2,167500
3,864,Edwards,1914,1,58500
6,2117,NAmes,1970,2,237500
7,1762,OldTown,1920,2,157000
5,1416,Sawyer,1918,2,112000
6,1258,Edwards,1939,1,105000
4,1154,IDOTRR,1922,1,125500
7,2784,NWAmes,1978,2,250000
6,2526,OldTown,1916,1,136000
9,1746,Gilbert,2006,3,377500
6,1218,BrkSide,1941,2,131000
7,1525,CollgCr,2000,2,235000
5,1584,NAmes,1967,3,124000
5,900,NAmes,1967,1,123000
6,1912,OldTown,1905,2,163000
7,1500,Blmngtn,2006,3,246578
8,2482,Timber,2005,3,281213
5,1687,Timber,1948,2,160000
5,1513,BrkSide,1920,1,137500
5,1904,NAmes,1950,1,138000
6,1608,SWISU,1925,1,137450
6,1158,BrkSide,1929,1,120000
6,1593,Gilbert,2004,2,193000
7,1294,CollgCr,2006,2,193879
8,1464,Somerst,2007,3,282922
3,1214,OldTown,1915,3,105000
8,1646,Crawfor,2004,2,275000
5,768,CollgCr,1972,2,133000
5,833,Mitchel,1985,0,112000
4,1363,OldTown,1910,2,125500
7,2093,NWAmes,1986,2,215000
7,1840,CollgCr,2001,2,230000
6,1668,NAmes,1950,1,140000
4,1040,NAmes,1949,2,90000
8,1844,SawyerW,2005,2,257000
6,1848,BrkSide,1923,2,207000
7,1569,Blmngtn,2007,3,175900
4,2290,OldTown,1885,2,122500
8,2450,NoRidge,1998,3,340000
5,1144,NAmes,1963,1,124000
6,1844,Crawfor,1969,2,223000
6,1416,NWAmes,1968,2,179900
6,1069,NPkVill,1977,2,127500
6,848,CollgCr,2003,2,136500
6,2201,Edwards,1966,2,274970
5,1344,NAmes,1958,1,144000
6,1252,NAmes,1959,2,142000
7,2127,NoRidge,1994,2,271000
5,1558,NAmes,1945,1,140000
5,804,OldTown,1940,1,119000
6,1440,NWAmes,1981,2,182900
5,1838,Gilbert,2005,2,192140
6,958,NPkVill,1976,2,143750
4,968,OldTown,1927,1,64500
6,1792,Gilbert,2000,2,186500
5,1126,Mitchel,1977,2,160000
6,1537,NAmes,1962,2,174000
4,864,NAmes,1971,2,120500
8,1932,NridgHt,2008,3,394617
6,1236,OldTown,1957,2,149700
7,1725,NWAmes,1979,2,197000
6,2555,Crawfor,1922,2,191000
6,848,CollgCr,2004,2,149300
10,2007,Somerst,2008,3,310000
6,952,BrkSide,1916,1,121000
7,1422,CollgCr,2004,2,179600
6,913,Sawyer,1966,1,129000
5,1188,Mitchel,1962,1,157900
8,2090,CollgCr,1995,2,240000
4,1346,Edwards,1910,1,112000
5,630,MeadowV,1970,0,92000
5,1792,NAmes,1974,0,136000
8,1578,Somerst,2008,3,287090
5,1072,Edwards,2005,2,145000
5,1140,Mitchel,2006,0,84500
7,1221,Somerst,2004,2,185000
6,1647,Gilbert,1999,2,175000
6,2073,NWAmes,1978,2,210000
7,2340,Crawfor,1941,1,266500
5,1078,NAmes,1950,1,142125
5,1256,Edwards,1965,1,147500
